actual_label,model_RF,model_LR
0,0.5301035421474989,0.28990884461242117
0,0.0,0.38247270690083734
1,0.8391152000125928,0.5818576459564241
0,0.0,0.14617555616095107
0,0.671518071621886,0.1651201046526426
0,0.256904824621341,0.12385806892336834
1,0.8663080668658792,0.6570664828673626
0,0.4287007447643736,0.6602718312856124
0,0.14715566308357345,0.2849942473002016
1,0.5664873551941768,0.7338889891855492
1,1.0,0.5390772476551221
0,0.06672607647017406,0.3830886129893608
0,0.14926843460157782,0.30237220013505284
1,0.822829246627258,0.5710214804142582
1,0.655606357936835,0.4720013540531396
1,0.7629575488348606,0.5563341994696221
0,0.22451904291491642,0.07232492695178652
0,0.3354130425398933,0.22450029550545025
0,0.30576346457064646,0.5389270810896589
0,0.5142887920198724,0.11082513912227906
0,0.3765523199205908,0.23672308622470503
1,0.7981284992279114,0.3737395219635261
0,0.39370104012876084,0.47174767799507333
0,0.3396343078429765,0.38584626821607154
0,0.15993747594516516,0.09535195691588
0,0.0,0.5780641792201668
0,0.21184169667060065,0.7016616693860835
0,0.2479984779551244,0.48092859857247683
0,0.5109389073299999,0.2784501139707543
1,0.8299608709938766,0.9303802487482848
0,0.29261688552405435,0.0
0,0.760393506506666,0.2574848335211754
1,0.40989827707505166,0.7794958426706896
0,0.5746301097949728,0.3557637696202387
0,0.6385255473724727,0.24311390355020385
1,1.0,0.46967295259229436
1,0.7362733196148543,0.49886279605124195
0,0.032570985485175175,0.32580110983688515
1,0.5201742080411611,0.7705840773997495
1,0.8428889060211702,0.8376805404087527
1,0.6839160341745629,0.7095378205817822
0,0.28695305842107804,0.40482211422818115
1,0.5802382031800986,0.7052862211836171
1,0.45262131575096437,0.5840568699230996
1,0.875878918543737,0.5596245039048396
1,0.7673188908454536,0.4773933117738868
1,0.8768478335166269,0.5550532403067188
1,0.7114042814221203,0.5829147006389798
0,0.10446787758093654,0.140175937201931
1,0.41449003089809083,0.36810264275827376
0,0.08498393449487615,0.09627980666553873
0,0.6162299920212614,0.20173779988982604
0,0.39433325922481227,0.07692806233822388
0,0.1037935817402717,0.443392685916023
1,0.3245861842661858,0.7328517665165353
1,0.7087830860698892,0.7420006578306153
0,0.5642735100739638,0.42717861027914583
0,0.24388648733656568,0.041253652726449125
0,0.07040639977360666,0.3001789187164562
0,0.544669450144071,0.4146570649279402
0,0.48599681784246523,0.281475698641389
0,0.481964847905869,0.43342264827241805
0,0.05902187392681413,0.17374690418048572
1,0.70925739614945,0.3416272455241817
0,0.3579063964940691,0.22369991885284146
0,0.4743474790781619,0.3836605590738157
0,0.5010021094961924,0.0
1,0.7434707316205923,0.5989433587551117
1,0.7771888852324784,0.7643190917268716
0,0.4463915255973707,0.0
1,0.7398908592448984,0.26767833577507033
0,0.46583697685868286,0.04198391107052368
1,0.6864251557151972,0.6999090456372801
0,0.4273592911582763,0.38332776369764177
1,0.9328215413185589,0.9544199465887138
0,0.322839388695176,0.5457007214953106
1,0.49020496019879406,0.2774008663626132
1,0.5756604926640116,0.7571104283763478
0,0.34862492068544915,0.29356423609545024
1,1.0,0.4940037122888912
0,0.291153111286181,0.3763632829000716
0,0.6214331189503499,0.0700857133098558
0,0.3007007197972847,0.19261089586431324
0,0.3011137474409051,0.27768068573675864
1,0.6144012508773249,0.2974136168923895
0,0.41698588159745814,0.08323240487779707
0,0.4632683043063349,0.5546995936690776
0,0.36335276522568005,0.36343944449210885
1,0.9734998419134316,0.19249321285401516
1,0.47274556874774853,0.4073117828478673
0,0.39628659199193755,0.0
1,0.770841197885475,0.6375733592316211
0,0.1688735925009854,0.534427883532143
1,0.8866540383194038,0.4726607379098319
0,0.2661250198758732,0.050027652985353055
1,0.7332253484018678,0.654560754541826
0,0.302457954319359,0.44541310275441376
0,0.513747642464078,0.3105670280986411
1,0.7149020900580199,0.3221191058537427
0,0.2037500251289037,0.33231465585888015
1,0.5704682327547956,1.0
1,0.6753765358302606,0.5220091312967502
1,0.5056133559906786,0.692676643469615
1,0.8073648795732717,0.43656089743770765
1,0.710285006669839,0.5793512170508348
1,0.7695049529066711,0.7109412152552634
1,0.7046048536952263,0.770683544004343
1,0.6363793208598486,0.6473616321897787
1,0.8394075971833469,0.9114786649489797
1,0.4554187924125163,0.23745990538389883
1,0.6514491969682222,0.5056978224311873
0,0.3853972938136774,0.2378121386562735
1,0.5897567707312731,0.39854975693269173
0,0.5949512527275784,0.32385524514279185
0,0.798576231413292,0.28059458484930516
0,0.4263440884383922,0.18336457240934229
0,0.5388463709413462,0.25382279932018265
1,0.4670505649276902,0.48445625036879536
0,0.3876330052473871,0.2047020072453425
0,0.2784482611647984,0.48666836947270786
1,1.0,0.6557561787530357
0,0.27622760796984586,0.508064185198384
0,0.5131479235292317,0.3189071679492746
1,0.8279342408127903,0.7111760755158993
1,0.3351634221586451,0.6168952503031956
1,0.8645676684317903,0.5870490911177747
1,0.9466170704980734,0.4301874585705843
1,0.48487124003643706,0.6261325511040496
1,0.844014098523909,0.738938471600785
1,0.9198142160401837,0.45129101110705905
1,0.4909383250983035,0.7276846738221179
0,0.32946350839645905,0.4460236714394312
0,0.0,0.11654642314789393
1,0.7205441674951681,0.3472851210756227
1,0.44482632746732764,0.7583721648160188
1,0.646998131250904,0.8468164096390862
0,0.3038396809882362,0.16345527628211204
0,0.2679042397795797,0.5293099643709696
0,0.5172211922961495,0.1950950596512133
1,0.5228556801029605,0.968052409788268
1,0.2891709218934525,0.6182201505039256
1,0.8935424195733116,0.8621210796072831
1,0.6516116475486309,0.5862325926443641
0,0.2673728056429819,0.39244481145063614
1,0.42077314001317945,0.7916299224431991
0,0.4609117879725389,0.07498736478694984
0,0.3652713553776439,0.0
1,0.8681838582930448,0.6214103383916336
0,0.31860791043471587,0.18635421760250898
1,0.7962472619253941,0.5007157443843637
0,0.626522035308891,0.08760783982827214
0,0.13094868243962038,0.2203218197732436
1,0.8082992097084221,0.4769008277242074
1,0.3885037420433762,0.18820072120996023
0,0.359770751282104,0.0
1,0.5668707652164579,0.749702756780599
1,0.6355722903002109,0.9493287271919232
1,0.8435173181513062,0.5320475099071824
0,0.6936954962582622,0.6384359940672475
0,0.23191283897646825,0.0
1,0.8336818944117347,0.7278356753775467
0,0.0,0.10743468040550777
0,0.13806184691227746,0.551520373418104
1,0.19919479823560676,0.45113755091563346
1,1.0,0.75431096264906
1,1.0,0.8813648318457485
1,0.5637722801529628,0.6196059243326264
0,0.0,0.540952157044589
0,0.27203178194817057,0.0
1,0.6707482017656873,0.5283761028112812
1,0.8008289957445751,0.7084729465243548
1,0.824212414688309,0.551014533472206
1,0.7543040418717124,0.6119597054950853
1,0.5061503410567385,0.7316122842922689
1,0.8284317189341428,0.35280900457703657
0,0.17119876361099448,0.3689666673110253
0,0.0,0.7173770296340505
1,0.6417881562615531,0.5983133541631627
1,0.5546729940051265,0.41358202416552103
1,0.40740719587591745,0.6006489232280248
0,0.19147243433706979,0.4520039950336182
0,0.0,0.25506139014983104
1,0.1148838535191668,0.42289538972514173
0,0.182389024319062,0.3865882789156573
0,0.15953393948613678,0.1612152528295699
0,0.6684071921468764,0.5211566479576686
0,0.20170317476800365,0.4236140565300722
0,0.6723815159801155,0.07760159624362148
1,0.8965508965488337,0.6279685624659123
1,0.6709975672887709,0.27780022284217143
1,0.6207943211864725,0.7312767812251165
0,0.03345884895670315,0.29974991037529003
1,0.9546883041593823,0.46823262067224286
0,0.3394470816335029,0.2567226828502106
0,0.2836935547210084,0.2748031029448332
0,0.09172741285831293,0.23497236066485283
0,0.4986373969536755,0.5584403810171901
1,0.2829672444277566,0.3790409485334413
0,0.36364325812420906,0.0
0,0.5434820062650434,0.24255389593046184
1,0.8601236253484306,0.6394318120060343
1,0.7458961034711902,0.8257807786401938
0,0.4753610939075149,0.14578379017853565
1,0.7132060190730682,0.5486613726205303
0,0.0,0.2577312808966838
1,0.7888902850620791,0.5107405021796727
0,0.028174033547765487,0.062362937957010534
1,1.0,0.4842538170413289
0,0.30005795085902726,0.14044971866584505
0,0.19175847081686026,0.504447862977413
0,0.10786961912438714,0.2160743239991201
1,0.6298442946280178,0.40173739764038296
0,0.3195445697961401,0.4429311305125545
1,0.7040800009774439,0.3312852963992365
1,0.4298971304687512,0.3638278592140639
1,0.6406348996948785,0.5307039349217901
0,0.3680683068349196,0.0019043694103636488
0,0.3959129993168583,0.5324659050081457
0,0.007085044269130314,0.0
0,0.566738570089261,0.0
1,0.7164958794759785,0.9510089209314688
1,0.771126248089409,0.6006899741996943
1,0.9722734956518166,0.829048428779341
1,0.6197136338646765,0.5401610651243731
1,0.6137317796733133,0.5420234477429892
1,0.7687052432890902,0.5813072411235214
0,0.4653766638457379,0.0
0,0.3906664973797771,0.4302056632405955
0,0.11987183183066433,0.04676715575240742
1,0.8870488248157192,0.7056317773187368
1,1.0,0.4687080742605142
0,0.2920392697573079,0.09376936254886281
1,0.6843562735349984,0.6894725286854155
0,0.03408285608572326,0.07207515384624544
0,0.4161740898976675,0.2510774914953323
0,0.12582866407754065,0.13912391131068386
0,0.0,0.3126975852279777
0,0.34616833308262845,0.15445989266291116
1,0.4751473764724892,0.3267261793502683
0,0.22384625067374625,0.11638478003198957
1,0.8250611427307064,0.8248834514906608
0,0.2797294367248407,0.141051902473452
1,0.778910320157618,0.4060061181623714
1,1.0,0.37709529725546564
0,0.1759625350236163,0.2887735097629379
1,0.7023314173046697,0.29081195139847044
1,0.7289570930677525,0.7037481814126046
1,1.0,0.8919638170244132
0,0.07054240696282493,0.46710852114831247
1,0.6856809776285944,0.6986794872522593
0,0.3661233494802704,0.1611670051390918
0,0.45756018626564027,0.18425362130928896
1,0.6451161447003997,0.5644161926220662
1,0.6767235716260136,0.9946603777257853
1,0.9363607435529314,0.7334402853055377
1,0.4460403370395475,0.6745231450842942
1,0.7461084444219677,0.6814911917531841
0,0.28564539304674796,0.44097435539828833
0,0.0,0.23931910565043366
1,0.7262393940132408,0.5278999782649121
1,0.42425653575633615,0.6417607221873466
0,0.4200313173728848,0.300147987184833
1,0.8602370015653884,0.5493856589753839
0,0.6667139571557124,0.39787714358393805
1,0.8880929800472561,0.7931410926814624
0,0.46951158399190224,0.46082764264911735
1,0.9062326665064226,0.2795774351945373
0,0.35244257059135825,0.007942141978020595
1,0.7372535319997051,0.5195604335154417
0,0.3374593120713959,0.19917574567193758
1,0.33363612253653097,0.4747827682935302
1,0.5825258693948459,0.21012339060080332
0,0.4350849377053493,0.4228763191082639
0,0.3377965351661491,0.11999039301123973
0,0.45615006651686774,0.040926299799125876
0,0.4798325834611239,0.034085768163624075
1,0.6754463618471112,0.6494644569099386
0,0.5101745269539055,0.24330079033451996
1,0.8672080548473189,0.6590492227469558
0,0.4067024022576835,0.4395514578638935
0,0.2742283683629101,0.1645196177808422
1,0.7226653558444563,1.0
1,0.834186009081825,0.44894561904002617
0,0.3521629679728045,0.39826069175841006
0,0.18104120089701614,0.23118370515301007
0,0.5855733590711444,0.5129810843596367
0,0.2543140849773509,0.5840285879940179
1,0.4921834661477324,0.35615392193421336
1,0.6701246345969374,0.43599326778847824
0,0.4906420882986785,0.0
1,0.5362537035391375,0.6678770813336063
0,0.17061064382174843,0.20876955905642047
0,0.5724079313119361,0.397506695652382
1,0.7287534653288616,0.4130124077892946
0,0.560975134537888,0.0
0,0.17058292783976384,0.4906233110203513
1,0.5982979021140975,0.424999812744159
1,0.6570091731599743,0.5774179496317251
0,0.0,0.2024899107653445
1,0.5415797678885573,0.5967718622124122
0,0.4617125051865373,0.15636591198143615
1,0.8946155761298783,0.23156340402791564
1,0.7782770502920096,0.6942102131184956
0,0.2512321772516802,0.2271369163666168
0,0.4096861655781325,0.31460994097611705
0,0.40668398205740564,0.5096535210728177
1,0.8000000326349761,0.458883904634217
0,0.04592264276479502,0.41698623505507615
0,0.23338412659756597,0.45335772540770314
0,0.3953325749618917,0.4188589870695689
0,0.6488243906211082,0.5562684856754376
0,0.3928569191362513,0.3373932877344685
1,0.6204878727736085,0.5557940404720237
1,0.9115959320965882,0.5694990106301678
0,0.005608211501676452,0.5420197034093847
1,1.0,0.5130905358634987
1,0.4457468715774374,0.6269571213249849
1,0.4913157276610129,0.841192201486715
1,0.6353123647692627,0.42745780095897934
1,0.5422967682230453,0.6424472977462106
1,0.8494550089867582,0.600172505959192
0,0.37883090924751756,0.07322746208199543
0,0.4877411820698463,0.13878280574413143
1,0.975324211194389,0.7763411952772191
1,0.49874358973841015,0.5818878284844473
0,0.03767710805376068,0.368582518166533
0,0.2356730733191108,0.40871696545334935
1,0.7709727697166072,0.7140226137743934
1,0.6940521153388134,0.9475528388171047
1,0.7140425424738244,0.44926411896746454
0,0.5988181683496563,0.42595783676145554
1,0.5454036958689295,0.41441651399431584
0,0.3756721181815609,0.4347430895392653
1,0.7524221056724978,0.5776847731115334
0,0.19426171107271106,0.31043662858181453
0,0.16327168684523577,0.35751143650111367
1,0.4271030151211693,0.6352683822583117
0,0.1088627126197548,0.0760938377794147
0,0.4735274069701635,0.19572832848820798
1,0.6281065005793097,0.3069281980518293
1,0.4997920975669653,0.22024454536342286
0,0.052214943402910385,0.25214190632112504
0,0.11250646424318994,0.6001234146011676
0,0.37562424263545363,0.19152332720360665
1,0.7581905214667035,0.4517889065050162
1,0.501631207272588,0.6423758679534268
1,0.5535714293329859,0.31209987267357386
1,0.5718954920726086,0.7320550898507401
0,0.2752487874113849,0.45235513190886234
1,0.7457986144330704,0.7554712918503423
0,0.0974462178771485,0.164958142642052
0,0.11420790168351591,0.3527061825960773
0,0.14931756115846434,0.01924039041296144
0,0.21065147141715107,0.41936504643946404
1,0.43757275721275624,0.5471493864248446
1,1.0,0.8366901304770124
0,0.1836813666683283,0.20546499699747586
1,0.8310279557451292,0.8759049912651934
1,0.8299428013935326,0.6647851679036114
0,0.0967152306522692,0.29101009602761124
1,0.8262891677814508,0.6360158595809768
0,0.6526510294578607,0.20391383068557767
1,0.555973990934416,0.5346716903502718
1,0.6013324169118737,0.7972204224066893
1,0.5476841162466097,0.47079716494338875
1,0.7956293448195562,0.9913020981171908
1,0.4564521895438513,0.5839938729172778
0,0.4053444120076538,0.20906723569223323
0,0.17035359894797986,0.024881174790830934
1,1.0,0.6964370304175955
0,0.4139116817892996,0.18388687776113077
1,0.6285963166126708,0.46089067572059494
1,0.7173298255392591,0.888178925689141
0,0.3603586388290872,0.33278722641246444
1,0.3085756287354165,0.7880386890767408
1,0.8191017165023546,0.6332522596334301
0,0.37458420331929165,0.035491785172578394
0,0.0,0.4088642617861602
0,0.0,0.6484253964997311
1,0.7373453912167193,0.8511960828631873
0,0.4985009873673766,0.1294915187520721
0,0.42912124848059957,0.09619987538846597
0,0.32763233656504975,0.45145901925322085
0,0.3294917052185626,0.263173695883775
0,0.41811981504741214,0.06943292196266665
0,0.5117709469332385,0.5127325171228674
1,0.7259347568407999,0.274149402594699
1,0.7920510441795869,0.7271774916650583
1,1.0,0.1925056207534619
0,0.3284879868117362,0.2684312087675776
0,0.2023930131019837,0.4340939078435236
0,0.0,0.21017751044746374
0,0.7205353051707988,0.38074025841052117
0,0.06509027189377539,0.33810681304827656
1,0.8528965859141784,0.47833177203692084
1,0.4793700036482644,0.8850412974007701
1,0.7228182718845846,0.8183759061406128
1,0.5297508989469486,0.8033254225403492
0,0.16788791667195935,0.12459706403569062
0,0.0,0.45167896950860864
1,0.9918715240440998,0.48477335021948864
1,0.3975884199016383,0.6818459308063916
0,0.5038596925840296,0.25011835381053665
0,0.12748781908404158,0.0
0,0.24924241836048247,0.5054343736195512
1,0.5010951660881331,0.3188025684603197
0,0.3399074174557114,0.0675174870818396
0,0.20088466270976976,0.21485639414155422
1,1.0,0.3945415798057421
1,0.32867429845155854,0.639388190225088
1,0.415827279395013,0.7781787124354929
0,0.003828116294573969,0.3781250995757487
0,0.4253706253814703,0.3655068291343212
1,0.7834089497525223,0.4698296320575056
0,0.2928463281334911,0.0
0,0.0,0.39316839707887286
0,0.14879620243726996,0.1624034342726129
0,0.2112635989659552,0.5126615917452146
1,0.8016829738311751,0.8838158451414694
1,0.6543907433396192,0.5521500828164105
0,0.4024586700619408,0.6120474197705846
1,0.7593911050185893,0.8155502095667196
0,0.5134928513606591,0.03230099841582107
0,0.20813133913694645,0.3643445027467281
1,0.6982287368623628,0.4758847290838221
1,0.7128698094055076,0.4437771815746442
0,0.3688194977693792,0.19903402942182793
0,0.17706173780619933,0.2804884068991982
1,0.9399699697410193,0.5850647707260582
1,0.39791625663417746,0.5995110428044828
1,0.5487457830307124,0.8407117285025273
0,0.12943666475983845,0.31986868304728194
0,0.36134894672204054,0.32091171569672305
1,0.7350309146419687,0.711207680810981
1,0.43103432698919025,0.5823333931678217
0,0.38566491200372777,0.12398174627953329
1,0.9034688132619693,0.677604995480779
1,0.8574712304438179,0.8635105507203741
0,0.4223341858124009,0.2767444184467988
0,0.0,0.3193207079145697
0,0.6174315784884319,0.2677374829026624
0,0.5926389256958577,0.15304938027994644
1,0.9188355902378004,0.7207227803630848
1,0.7037558171703691,0.29255529866364083
1,0.665804993097233,0.710899911011394
0,0.6581186635985761,0.0
0,0.20295130214653767,0.4107446485325869
0,0.2510564096852093,0.3176838633010223
0,0.36008101724103425,0.31158679913167087
0,0.4777871838213328,0.436280781003387
0,0.0,0.31216513688601677
1,0.7882638987518418,0.5617484204973582
0,0.20351904419697714,0.2650156883139714
0,0.482641261115921,0.15234054470314434
0,0.0,0.2606901389298026
0,0.1952657071228437,0.07666024633998078
0,0.2545840876365215,0.18733900071919646
0,0.029577741061793172,0.1334284774030179
1,0.546694347352179,0.8846244274232988
1,0.48470954254518295,0.14583592305864906
1,0.672422254321547,0.48271494375025786
1,0.7098523806513014,0.5907019903555791
0,0.12458111852581427,0.21524279578599675
1,0.9209774176320827,0.7954078570851069
0,0.41437977910923846,0.3434212595157111
0,0.38079995940119393,0.40746422332164833
0,0.08618240758860801,0.3495364672287413
1,1.0,0.7673388866390356
0,0.37628134797589624,0.3209468563325676
1,0.8066777238068178,0.8238460990545644
0,0.34883690967365655,0.4826556376013025
1,0.45749919132395067,0.5855463358322052
0,0.20100415903195348,0.37052587455882097
0,0.5117336022194161,0.2827138747646023
1,0.9034854329388696,0.5282377022022936
1,0.9135150681581791,0.49603490716275467
0,0.26571202919245607,0.11014491509199162
0,0.6341648561584172,0.1010299376169766
0,0.16840789895259184,0.4899835157358503
1,0.6210988040856396,0.534653602752058
0,0.5838206251166469,0.0
0,0.9085156758193396,0.6067164010352823
1,0.8118344859481705,0.4454386432021199
0,0.22247423710186875,0.0
1,0.624884507108332,0.7426181851627068
0,0.3588121170718903,0.32757554113958326
1,0.7515611882416178,0.9034205792451485
1,0.6624240600348233,0.4758505708357695
1,1.0,0.32065990194807886
1,0.6870346159052059,0.400751071608166
0,0.22928526173853553,0.28847836910512575
0,0.5718621949516605,0.36524997377565166
1,0.9335724724671172,0.8121674134219253
0,0.6836176710739987,0.17994948748753756
1,0.6910697270286295,0.5999575250178862
1,0.5712648006894396,0.7761651730354306
0,0.6987482885991906,0.08996977130639383
1,0.6977724152793922,0.33769918986802233
1,0.3892115020628323,0.5598813994771519
1,0.7163421639183145,0.49168552497875234
0,0.27067792292117415,0.0
0,0.04547833276894331,0.0650742655277187
1,1.0,0.5354239665670523
0,0.13873686763371434,0.527812631455188
1,0.3788455369410847,0.21627229626301853
1,0.8525570156693953,0.43702752357496344
1,0.7026641988348616,0.4208619331429886
1,0.3373767837882338,0.5009113900432594
0,0.48835281763235616,0.1941064008241433
0,0.2109138093660165,0.182859425974558
0,0.4202764767422982,0.25391470234110364
1,0.8869224399288851,0.8239490139894353
0,0.07730854498138223,0.25100917634305586
0,0.24669284416231566,0.3852500505847679
0,0.40386634389737364,0.2606539594726595
0,0.29569452825315234,0.8582934731850222
1,0.7808942515460147,0.6309978591168062
0,0.0,0.40178600174856527
1,0.7378516140310516,0.6412312478016012
0,0.0,0.4592933375626276
0,0.26728285820500003,0.281178422613784
1,0.83090501709567,0.6773598439390204
1,0.6338687097054547,0.304750673062303
1,0.9900280136241021,0.48479358564192626
1,0.5227959070375585,0.6238463847544017
1,0.6697107727062317,0.4743440183954809
1,0.6123219530398691,0.30219355125682096
1,0.5912151239556075,0.8577518382165514
1,0.9595034941175893,0.4896396760933625
1,0.9975154887400773,1.0
0,0.0,0.0
0,0.2604390176170765,0.412738498730134
0,0.4295658511292756,0.13863175096776753
1,0.4246939897511118,0.5300987709533564
1,0.8421578781185377,0.45120031419351747
0,0.5440335428308595,0.8374083254442987
0,0.21910355560919131,0.5171849651020302
0,0.0,0.31669765759469676
1,0.975005961352725,0.605356089390986
0,0.11567084122890023,0.0
0,0.43915378801033833,0.5128131317562699
1,0.4867169629995591,0.5749976163184487
0,0.042472838139825164,0.29509350981206817
1,0.8957087319074395,0.5740198798981605
1,0.49264315794993796,0.43607967949930354
1,0.9189156298670644,0.7248954421545755
1,0.8311978431463619,0.7107321095818784
0,0.4949721505637681,0.0
1,0.5938977038078024,0.5049585407189028
0,0.40821849393978277,0.4024364158652463
1,0.5141084941939882,0.495510899243478
1,0.5724929123712319,0.27421740335388467
0,0.603447414651165,0.10082543808217986
0,0.11651306032569803,0.4740057335814265
0,0.22646650459244694,0.3140210049086423
1,0.3833444421371641,1.0
1,0.4106081298456242,0.6915576064205989
1,0.778453114545739,0.9170032038347334
1,0.6327534569713225,0.5690657649421849
0,0.4840419505142346,0.3321756976792018
1,0.646957827724172,0.7516184038205057
1,0.7785411390979495,0.5096155790697331
1,0.6337218464924507,0.24672403292809136
1,0.7434946914660077,0.5873597243850173
0,0.18995139266814148,0.2105847905226618
0,0.13889050988920612,0.3568415492617296
0,0.26074955280587925,0.2121222036115647
0,0.39505661185222984,0.1921438585076353
1,0.9337309532731156,0.47519874190193656
0,0.14059943577879255,0.7011868712298823
0,0.2834531407553855,0.11006580997742454
1,0.6991073842503105,0.5119571229658011
1,0.32047243411613563,0.8171373279199773
1,0.58088222409967,0.8456436477546935
0,0.4187161336238485,0.22943923555084902
1,0.7536338498569257,0.7088544330082652
1,0.6826460917034072,0.14735036587434486
1,1.0,0.7820196956905606
1,0.8039461801409322,0.34463792245507546
1,1.0,0.6332641509135974
0,0.6407723412225905,0.0
1,0.5596651576586102,0.33029890999428185
0,0.2871394816569594,0.32255402649047593
1,0.8271429394620735,0.6991398916880717
0,0.5731718560303499,0.4191842581616333
0,0.2997527017179173,0.328675633581412
1,0.16749870404355832,0.6058825019983668
0,0.016265540573657256,0.0
0,0.349155274567638,0.6299448392240738
0,0.37472835161978063,0.21828042197549427
0,0.3236075031082913,0.2580476413308955
1,0.8860353352255304,0.24995587667024688
1,0.9715520700032388,0.9017514571592614
0,0.4206061711318463,0.40535665508463625
0,0.07533769715091887,0.17716924640662107
0,0.3678769787120011,0.1747059486353174
0,0.27257512196620437,0.4020387819643676
0,0.15382553451739625,0.2746928350190278
1,0.7229334694596428,0.5931954380343069
0,0.25644880219861654,0.5030362896048977
1,0.814508462573404,0.6820170778683032
1,0.7647044904721019,0.8051398732683307
0,0.425481498924227,0.5286834181999513
1,0.754999256080423,0.480374144448645
1,0.5874450850336801,0.24298538798253816
1,0.7397171995884162,0.7714791088523688
0,0.3765330284413847,0.43591031682192455
0,0.0,0.059454538654653555
1,0.5467931704302462,0.7395609297368525
0,0.46576682213911813,0.1025027445876924
1,0.38131636308045985,0.6348376384922341
0,0.0,0.4431519473104314
1,0.4209453124856955,0.5010215207893812
0,0.1605560364680748,0.03706570971633941
0,0.0,0.1171133167188401
1,0.7755384516290863,0.25491147743455345
0,0.013250235104845576,0.489794732268896
1,0.6866049658529231,0.7635053210996192
0,0.20791548572203167,0.0
0,0.11276377330841109,0.09089053384025911
1,0.8291744467997262,0.37863275787058814
0,0.45146937445062707,0.0021502635859553254
1,0.6307352913825235,0.6375790810365334
0,0.46864882514462347,0.09578394775412258
1,1.0,0.5030837076057558
0,0.34624665850754377,0.0
1,0.7392679323148967,0.23635595016013378
0,0.40007120006433877,0.30427237103417054
0,0.17788481843365006,0.0
1,0.6399704482244255,0.4178954724030963
1,1.0,0.7266853425323577
1,0.560927120419426,0.5358563571048107
0,0.47359330359329965,0.720191968692173
1,0.627416457978557,0.36876611150255345
0,0.03155323549125866,0.5576211165567937
1,0.7404328869366783,0.49398314463229764
1,0.4768646364674354,0.6475370326074996
0,0.46449642598126517,0.32773039265234805
0,0.3437274535150542,0.07661244411022194
0,0.21974262497743663,0.047645400564023
1,0.769370726652078,0.6887340386140447
1,0.6110326386333488,0.597503526174601
0,0.1064959272715133,0.01892430071791082
1,0.9595827969410095,0.3914532902581972
1,0.6889811126379891,0.4002808143524247
0,0.21255491759821024,0.0
0,0.26983126403373175,0.0
1,0.6570660116035275,0.8513830695980668
0,0.11459977201665447,0.17382760676226355
0,0.1635216364193902,0.1424035978124487
1,0.8515724051864839,0.5280090250249558
1,0.4038366813726389,0.395462199666999
1,0.5616015435341027,0.29966696444854446
1,0.811117118901403,0.7767785230312098
0,0.46720693442961764,0.1935137600869325
1,0.7092390885792899,0.509694630255296
0,0.5889317540393251,0.35325812884781593
1,0.6286900568681597,0.8791051333130903
1,0.4425407319892769,0.3049912384031911
1,0.7156538342657928,0.4969704268040549
1,1.0,0.48822714396283606
0,0.671325811347601,0.13636594612302488
1,0.5736683060585677,0.8441783403839335
1,0.9711983640502089,0.7006583453165893
1,0.9245917778611737,0.7260366061789193
1,0.5760058745103833,0.5819527542271167
0,0.44044633183548787,0.018928101552438625
0,0.19636408936460562,0.05610359094812434
1,0.9279097450747104,0.5227583322917673
1,0.6650723413705881,0.448851824163755
0,0.6800626329803492,0.15287927318356348
1,0.7206272933883047,0.2066479497660766
1,0.7937231766833793,0.8342163612951949
1,0.7506294297828532,0.8358686345650208
1,0.7107039479341724,0.37286539363455495
1,0.5670600256107093,0.7033593818916597
0,0.5272396912940022,0.15402180965397747
1,0.5918038237749554,0.8237550770832628
1,0.9853586295297225,0.46471252392409934
1,0.658148832254597,0.7048531793640475
1,1.0,0.7198431114184414
1,0.34158564580796125,0.3777653638449159
0,0.43291828572699886,0.29625360313038585
1,0.6638121852898159,0.7682924034301806
0,0.38298504975389336,0.3415033846045348
0,0.46375610147822116,0.3258652424023546
0,0.44985902970627617,0.1829646484038751
1,0.7587353985950906,0.9227188578623583
0,0.35241393861632175,0.0987581671423308
1,0.5526000507516283,0.8804645348632308
0,0.0,0.4780281273391974
1,0.6560788859544923,0.4169518942274168
1,0.7940587768940257,0.7944076305282098
1,0.47649075772668703,0.9040563236444336
0,0.2589648036366266,0.3532371617981282
1,0.7376048569862578,0.5603653527428982
0,0.0,0.23961966204702767
1,0.6595641967267765,0.5669085891190999
1,0.691152376004873,0.14106518148502006
0,0.0,0.08135469588417543
0,0.3732977093296417,0.15210847778156372
1,1.0,0.5244049714949763
1,0.4549442171932009,0.39576306954557716
1,0.6313138299322683,1.0
1,0.7870071311333763,0.29686201825931546
1,0.7448707593057766,0.24802173097843178
1,0.7924970714986697,0.4312046878760861
1,0.23819417982649288,0.39656740428587917
1,0.8698660722115978,0.7308958773950122
0,0.1901670050845507,0.33821381253394556
0,0.5999287315880042,0.0
1,0.5641071786253555,0.3081824850077878
1,0.37413855182643463,0.43817093533166995
1,0.971986513352651,0.5564387049761996
0,0.4340529737161798,0.2514372201422371
0,0.30243778470447497,0.15016763560507387
0,0.590910983226683,0.0942205867287246
0,0.09137609761072249,0.032953699586678376
0,0.09704083077619824,0.46088876200149187
0,0.30651688745324773,0.6227094495966276
0,0.5223849037428235,0.13676723371144145
0,0.537014164271721,0.22934029861575211
0,0.6121128012273331,0.13010520721332625
0,0.13170332563543644,0.5708560360240718
0,0.3165640957847138,0.3277909815446994
0,0.18450878077843064,0.14061821912486155
0,0.44967196462046,0.19800988823601365
1,0.8153650843901342,0.7289557011301874
0,0.5256680710172652,0.25863566557131557
1,0.7090952081317363,0.8846715903934189
1,0.9113364145606643,0.5954344687449757
1,0.5933031658640476,0.5832459303042037
1,1.0,0.5783639209470589
0,0.5203588677742237,0.0
0,0.4913324467508075,0.0
0,0.5447413914354228,0.05690650235377026
1,0.3770467590860739,0.6705324855995722
1,1.0,0.18385226372635394
0,0.11875275169417157,0.39773140166007576
1,0.8942839656402451,0.6553620624426684
0,0.4469437264887187,0.0
0,0.38714154357519226,0.45480546809594224
0,0.2607718075365003,0.0
0,0.4712098905902869,0.2641539364030573
1,0.6269731972982523,0.3738112755978522
0,0.0,0.16685886971787497
0,0.34288961871667506,0.1628361775640767
0,0.5294518388223984,0.15383575115617937
1,0.8694069062069998,0.660107218361426
1,0.49512757952158204,0.924857478199152
0,0.17428758445025994,0.2977275524513895
1,0.555079738677944,0.3355258889669937
1,0.47347125383087346,0.7541630975304223
0,0.3272857331892495,0.3495602025645477
1,0.7154111667129606,0.5965722645425389
0,0.1291509327291736,0.08670702158752355
0,0.1362404920471592,0.49782565748787727
0,0.27760820781489026,0.2248230731876542
0,0.37725799051957404,0.1355967483534824
1,1.0,0.6123784585742091
1,0.5421312022154494,0.7724998449194395
0,0.1546456812943647,0.021122216228315338
1,0.7314039183565796,0.31069456979150295
1,0.8424797285537766,0.758231537228774
1,0.4677850265876067,0.3328232027867311
1,0.4935944802669978,0.18002895299075694
0,0.052487444118108656,0.6057171701380519
0,0.0798304911608047,0.0
1,0.2863405872064563,0.46932980262337753
1,0.8729994649631558,0.6238959769592822
1,0.8862398785142281,0.8818249634462175
0,0.5273147306291182,0.7021982437963336
0,0.32136807278371204,0.289705350851474
0,0.2833019097300039,0.0
1,1.0,0.7871720388021449
0,0.3560742942656202,0.24775707921164766
1,0.7138162359815214,0.7136434790134808
1,0.7983523880397915,0.36981876543033493
0,0.3284810183301175,0.35168992970102575
0,0.5134532341653574,0.24801563909625302
0,0.23696467282799338,0.2843195879001642
0,0.3968825678990829,0.0
0,0.02352118472316106,0.15515926213478518
0,0.2489172268885692,0.37693598822597857
0,0.6129723946293719,0.33449075429597946
1,0.6547695200961476,0.481049377906465
1,0.6695384674831236,1.0
0,0.4349945902039566,0.2961156765715097
1,0.730581843588298,0.6897516544935496
1,0.8124540304428765,0.7470527207368257
1,0.9655307730392438,0.5910798125580027
0,0.030833983102524165,0.2494398923420932
1,0.48486148461614004,0.4566048703619629
0,0.34216566272986704,0.23245312450220323
1,1.0,0.3992678021023626
1,0.2518107844314464,0.42242005881095274
0,0.5862112803220534,0.40639863798893794
0,0.41143930993746325,0.5283137449118849
0,0.258520776753148,0.17019638550094546
0,0.053779929970340645,0.24241613776626506
1,0.8183915472212331,0.6599328870205519
0,0.3102195478880023,0.0
1,1.0,0.5099015300154914
0,0.3363102520544807,0.048297328761443076
1,0.3493257103020726,0.5818018618169822
1,0.7372857065386591,0.7623394707130691
0,0.3235915662290859,0.05464615971275505
0,0.3900543527384354,0.3482542181686784
0,0.11911373090340344,0.2917309814500577
1,0.6190166124351323,0.6442764614269821
1,0.8895239345400476,0.5686402818408628
0,0.03734977051532484,0.18646584743828348
1,0.9510836549982038,0.4617846042456064
1,0.6755079948444855,0.5884522411301348
0,0.24614058507009898,0.2686140343542091
0,0.3997254567424962,0.0023285878703904195
0,0.15855774109516296,0.5035457015296396
0,0.45237885375759807,0.4856958163953636
0,0.45199530423279655,0.0
1,1.0,0.3262672498136853
0,0.30671027100614523,0.08535848488231226
0,0.6590427458554677,0.5795362641323678
0,0.37523831579632705,0.20729999400482668
1,0.7962236204097755,0.61155186566941
0,0.7330833344220615,0.6390923703821774
0,0.3805505653387795,0.0
1,0.7478158993794501,0.4128084187172414
1,0.49565490673134566,0.4926171006567601
1,0.5115411715287885,0.2642821576212007
0,0.4915061198976015,0.28756984413304826
1,0.952469637147504,0.6224830630131762
1,0.9587761106749207,0.6404729646285673
1,1.0,0.9209827888293983
1,0.8180363994734683,0.47269152331042863
0,0.28866220094679024,0.0005521479442970323
1,0.7349705486025695,0.5778902712095941
0,0.3315342409052825,0.387530499481766
0,0.6203678235339176,0.07037902487642611
0,0.6187082553529248,0.07572301632432973
0,0.3335501363433254,0.3946156698083352
1,0.9952625356976657,0.7699040746528456
1,0.7716734238974876,0.7260174573609952
1,0.6761217369561838,0.7953613869065719
0,0.26912963664001166,0.44366128868902
1,0.557287956903608,0.4648671834329502
0,0.31979349501822585,0.26084345651883767
1,0.6001830369885333,0.7909790312671675
1,0.5552692474406417,0.6982045895835519
0,0.14396150313828932,0.43687723806031753
0,0.0894070717487008,0.0
1,0.5891654289643182,0.8653402912659044
0,0.2720387913924591,0.30194284604031846
1,0.7012438350988441,0.39902611652719033
0,0.5065421832709743,0.044882047758333765
1,0.6274017327260955,0.5380708125545692
1,0.39825795164109884,0.567610062146124
1,0.7121556102105597,0.519324929848366
1,0.8351845249127753,0.44970285873802285
1,1.0,0.48856937628294306
1,0.6788524308540983,0.3065827366913562
1,0.9675941002509719,0.9893811187880465
1,0.8374655137616481,0.6833213407517694
1,0.2447330221921642,0.5410462403493908
1,0.8261820516836313,0.7380075238108293
0,0.2979876033975905,0.5396586200761102
0,0.5172938036329643,0.43883909394455745
0,0.19860432635785574,0.23754113411675173
1,0.4718762673107046,0.497839277198182
0,0.4569588242457854,0.0
1,0.8040418135801897,0.6421877481792457
1,0.5752826108287268,0.8816496834500167
0,0.48622041354807666,0.5242373268095304
1,0.7886567222051484,0.5624569348954971
0,0.16405539505138686,0.20201864673873812
0,0.0,0.4840837177552491
0,0.4686724143242312,0.23010240476349733
0,0.3910406569890942,0.3088766772258354
0,0.5129750041331811,0.2993482024901477
0,0.6852787787579384,0.7438440609478691
1,0.8614368960053311,0.6172479918350325
1,0.6109513785560127,0.6288178813975174
1,0.8718083265479972,0.3812888169718801
1,0.735045030632687,0.901893566717954
1,1.0,0.5763187358537596
0,0.0,0.04952483676340391
1,0.46644260549779043,0.4054805967730487
0,0.23022688346025538,0.22666419138155422
1,0.47785064725521514,0.8231810889231918
1,0.6050743557572094,0.824359213380881
0,0.24402260251329833,0.0
1,0.31922405205143023,0.6607152797714975
0,0.08595387427085643,0.0852733313044064
0,0.15520284012710264,0.0
1,0.6002458542713949,0.39178113386523683
1,0.8067984682257316,0.49392505728672986
1,0.7072353294042353,0.41158895590969596
0,0.35197571386778487,0.0
0,0.0,0.32878968638958384
0,0.43037658730885553,0.45403678598165464
0,0.14846651793983162,0.1834971061109376
0,0.0,0.26130097028483645
0,0.16061512278736018,0.12365339893864857
1,0.9159194764926453,0.48723713749089503
0,0.4236548271732304,0.44385749256725027
1,0.4742462344997004,0.8904842257140616
1,0.3900134306034471,0.5384665166486189
1,0.6592174278363346,0.6330860125254361
0,0.3633449511953183,0.1871459527358657
0,0.0,0.22733258173077323
1,0.7342661877555468,0.5545874397353454
1,0.736659971458537,0.5342390113092987
1,0.6943762034072778,0.7783434011956616
0,0.433949303077802,0.0
0,0.28865311548107947,0.2893855207978912
0,0.3616452695011975,0.2679856899499277
1,0.5578175401408481,0.3365231716003853
0,0.5821635243351626,0.13400007659816604
0,0.49099600246516323,0.41141058102970085
0,0.10391467877241439,0.22577162015234375
1,1.0,0.9756987122313167
1,0.8399481532526469,0.49740372012761336
0,0.07220174088619971,0.13899273367030252
1,1.0,0.7263328138474261
1,1.0,0.5770919957922497
0,0.3145391924007774,0.2337197707013635
0,0.06523063234575621,0.37626718926634806
1,0.9654627959744373,0.41710745847288516
1,0.8107481092603888,0.30305762156785926
1,0.40456621724098213,0.8026814980375327
1,0.8070875259908699,0.6101580231812478
0,0.12390185735346429,0.18157911581716102
1,0.7654297130946164,0.7492875731648783
0,0.4018952802157246,0.253272788626404
0,0.0,0.0
1,0.43174421851871614,1.0
1,0.6717870454595949,0.9528918854227629
0,0.1215529706620227,0.35808757860317003
1,0.3812599902697152,0.5255958268308881
0,0.11173979837058765,0.35464901327517173
1,0.7655689542516825,0.43864910364063503
1,0.9821705062773091,0.4184238503422646
0,0.44952640491306906,0.6820596207320289
0,0.38646864417903004,0.0
1,0.9017714116814765,1.0
0,0.37820118394941726,0.3102683065307613
1,0.7979154653809166,0.4206828314532496
0,0.26438373723587755,0.04029019750323046
1,0.8647045735862943,0.8002709304334461
0,0.39433330925578713,0.0684614826780501
1,0.5879630641366104,1.0
0,0.1606540373904136,0.0966110780326856
0,0.1278355438393859,0.2710993834282884
1,0.6453321363291126,0.2549860533594696
1,0.5777662633399664,0.8421101532919262
0,0.2426802651155195,0.43353292428647733
0,0.5095759460683572,0.2333179907210594
1,0.6759428931473843,0.5120870554724031
1,0.7254857121206078,0.7999732913863206
0,0.12557802072401866,0.0
0,0.4466093862334335,0.04981732874153055
0,0.2747223520933646,0.1641523222635739
1,0.9697168013068372,0.8273448918501731
1,0.884397999783314,1.0
0,0.2520483174479542,0.27760617320485875
1,0.34476796492578593,0.9095539338328057
0,0.3451350819357801,0.27054326170280674
0,0.413206882609747,0.0
0,0.3554719250771565,0.29571275969049793
0,0.4830892049250428,0.3139942889240491
1,0.8130920276107731,0.20238254949830897
1,0.6330557652480735,0.575913987260774
1,0.6445374109581796,0.6929297134066538
0,0.6998470900939231,0.0
0,0.36927078132013075,0.04614668254379273
1,0.6903640641911379,0.9218637440353393
0,0.23266370613674198,0.26817131676090805
1,0.6067882854255691,0.22892756375808393
0,0.16521141947054052,0.3970216555761559
1,0.42005574808265506,0.668108910417092
0,0.6533658434152668,0.2457661620500052
1,1.0,0.9025197259929667
0,0.31552327317967727,0.3658320484885178
0,0.27175931882584287,0.23075230920592033
1,0.8917958238654946,0.5002343849962554
0,0.0,0.7428591678217547
1,0.43457696275427493,0.26537196571498467
1,0.47528792265777675,0.494419820695658
0,0.19725595335540605,0.1890145151997802
0,0.08187802231244695,0.018943316810793115
1,0.9193601080808422,0.22885119467282983
1,0.6094312405265304,0.8491534146974088
1,1.0,0.3623410437741746
0,0.43900191783873144,0.0
0,0.2175582023961704,0.6231209943344449
0,0.0,0.196869348651524
1,0.6413559649288927,0.37576737503708824
0,0.4895455184233336,0.3031204847105491
1,0.761321306748872,0.007598204090002891
1,0.5786656443610254,0.47218996579279476
0,0.49108702143932226,0.28354100653631004
0,0.31896219807954207,0.42302864468777157
0,0.17326520995331365,0.18349961233097245
0,0.3740571715311445,0.0
0,0.3884859904776716,0.22483746237495852
1,0.8255087383115528,0.8985048651548612
1,1.0,0.6283101767880838
1,1.0,0.7809299210393909
1,0.5476925389954891,0.6274358223506951
1,0.977275514306158,0.28202304506111553
0,0.27336848447616235,0.5523665282465111
0,0.5410824832438006,0.5206661126426329
1,0.9890938347562012,1.0
1,0.6029251490889059,0.44233841301130394
1,0.6207631560991776,0.817843471442681
1,0.5909930324547708,0.4334207354841162
0,0.29594511177757227,0.5693593940198034
0,0.2633515117967551,0.06113588777235998
1,0.6216766056628564,0.5340181778503823
1,0.9141257695887294,0.3164813688322914
1,0.9691443331933034,0.4427470871263487
1,1.0,0.7736085459270522
0,0.06691399186819294,0.12250805570796378
0,0.18231710054440312,0.3981732487984073
0,0.34349905402874115,0.1874104139811531
0,0.2413511068161014,0.2668804389362936
0,0.4328671258481048,0.031130198528304204
1,0.5940755209617824,0.7470573058242321
1,1.0,0.30134425174835017
0,0.12821013991221725,0.11165672810657354
1,0.8700197439306243,0.5582945441693816
0,0.4003250108203296,0.19262659574251478
1,0.4573197460138859,0.4079785534791565
0,0.4087524745458274,0.3217629061639622
0,0.2348099961500218,0.26247279572293175
1,0.8511685822004058,0.4356873631910129
1,0.4962198545156398,0.23059092140605392
1,0.8397037171383337,0.46693690447013714
0,0.1152952954535022,0.46762042776835255
0,0.4674826084518778,0.03811077839960267
0,0.16589586461408515,0.251884663161754
1,0.625693042280037,0.5666446512203167
1,0.5831719523893494,0.5379012401382558
0,0.20886795916632966,0.12377405979417988
0,0.3570181240528404,0.3252751825424459
1,0.49065630191732207,0.29351643381063514
0,0.5194143734661544,0.0
0,0.7277505522362433,0.37081808358233986
0,0.08646558785941433,0.49165443095053163
0,0.059066435367294085,0.41808173342520716
1,0.672548347967249,0.6012487907268589
1,0.8320392935880924,0.49275232494702464
0,0.5603816147300136,0.1312407931952022
0,0.36376627725575217,0.014516271038843426
0,0.3916431722123833,0.49309526184430474
0,0.1625883064234581,0.0440821424075549
1,0.7920695652005554,0.786995811295338
0,0.13678565757458994,0.18983281290397688
1,0.7918229712580651,0.463571412392513
0,0.0,0.219683170489051
0,0.13410624874291405,0.0963615880389411
1,0.6511210433054713,0.3670206313445051
1,0.5531292145491445,0.38600395852698066
0,0.06875437187850994,0.2903311872872453
1,0.3310980942675839,0.8278439093927865
0,0.25797234205718855,0.028606801389939318
1,0.8992934953840553,0.25420349794015773
0,0.20580325628649349,0.4606816622096158
1,0.29371112412470424,0.7908303148178866
1,0.6615325437245327,0.4020438908832734
1,0.829679806729468,0.7518860197138054
1,0.7046685474860839,0.43583080613885794
1,0.818390874236139,0.7204830608411898
0,0.23387293720368982,0.5728633140907999
1,0.8364932056092428,0.6180388373174451
1,0.28397365259033386,0.6323841492810429
1,0.7122729510961577,0.8114899018604426
0,0.5924441974504312,0.18588019294973457
1,0.42088843023054834,0.7409949124958775
1,0.4117895752914976,0.4004970275989227
1,0.7087468893461293,0.5629610080817264
1,0.9550807014259978,0.2941768942160844
1,0.8917973281483217,0.9895221836264426
1,0.8109887884444618,0.45544562685113676
1,0.8277480217514298,0.5189664310759465
0,0.6109166971229989,0.363045588950592
0,0.0,0.061333828283513664
1,0.6961215979442414,0.0
1,0.5791763649507553,0.6873463866375964
1,0.8186699526122403,0.5999597980399329
0,0.11278353695924048,0.0
1,0.7259377411150305,0.4631897721563927
1,0.6955171746127062,0.8225262768310788
1,0.5101563389283941,0.46174958441972014
0,0.19008897628379579,0.46331839550068726
0,0.33809098192927844,0.11720994779200342
0,0.36268235760415496,0.17064632399825874
0,0.26722035641026864,0.0
0,0.17566891086376202,0.19710668948030133
1,0.4579644516543857,0.5826402860687345
0,0.26465659306715755,0.22732896099042366
1,0.62514867011502,0.9728761661388795
0,0.6034151318256677,0.22187956911993564
0,0.0,0.1664367938848373
0,0.294380624437945,0.03968288190103414
1,0.464058526078684,0.5491922331695488
1,0.7112048018583343,0.5854872597730318
1,0.527588787190981,0.5945098973588213
0,0.3595730595804151,0.48471591371945255
1,0.6788174464204426,0.712155997162953
0,0.49671333243162274,0.21738082071687925
0,0.0,0.4663968972014383
1,0.8685392898649114,0.45546391484463367
1,0.533574627302699,0.598657256721762
0,0.5631585517584252,0.4971353902458886
1,0.6235436615771328,0.32678090497338536
0,0.18658883907212592,0.0
0,0.15999920851079938,0.33275297255796665
1,1.0,0.32637715713877613
0,0.5041925713758408,0.465891594287818
0,0.12426367664983659,0.31583147143664625
1,0.7797475956146449,0.5239972536659079
1,0.5229811987661169,0.8044914235889086
1,0.8064848376466041,0.42900189006597655
0,0.15728823198162742,0.2401625668116142
0,0.2775623835443038,0.3941888677165756
1,0.3109883868107785,0.3662177163747009
0,0.8637536127142953,0.1267271394136241
0,0.18825343772148578,0.27099245725061266
1,0.5931033696536396,0.9481921016147462
0,0.0,0.3540777904826119
1,0.8999502863069251,0.6154150541076279
1,0.580484295221197,0.4573933392199623
1,0.686781988737561,0.5470477487856957
1,0.9011392494326279,0.08916001665975526
1,0.3920449605089994,0.653582866158801
1,0.43948779398626703,0.7318063936726458
0,0.5519637640698363,0.29649251295528134
1,0.4481788766547351,0.7740821226512515
1,0.9205648676357371,0.938107001114192
1,0.5752719031525525,0.556152350979933
0,0.11985176278562784,0.2897653843176404
1,1.0,0.606143829468529
0,0.17450902416482725,0.0
1,0.9269380436772011,0.47551489591173346
0,0.13002564598246574,0.36972880739287234
1,0.5365326668133278,0.5774184414219858
0,0.41378567428089086,0.23524393297159854
0,0.20362548983173445,0.2275029172622738
0,0.4918772677340611,0.17745482729666184
1,0.5990478063354998,0.23635715229503595
1,0.46922823178558665,0.6743377740511196
1,1.0,0.5713556149765946
1,0.7225260824641533,0.6373938315481575
0,0.18012311976773548,0.0
1,0.9647660538522137,0.7868071172510894
1,0.7524953588417118,0.9726179169676862
1,0.967391241988767,0.6998178061931288
0,0.5967527184191743,0.37343350158441335
1,0.534724279160754,0.3696532937283644
0,0.019417727438784615,0.513819801240392
0,0.415744574975179,0.6697386197698572
1,0.9977775501570482,0.969102441985939
1,0.9098473303834784,0.7588786286741322
0,0.6111641226331684,0.18133058779086197
1,0.5159945939468379,0.48168923153064325
0,0.2669393546912679,0.09296178596501492
1,0.3939234102582003,0.6246920934647441
1,0.33151899407095997,0.6676464935319701
0,0.0,0.3840081327047191
0,0.2709248033062582,0.2792786390374348
0,0.2636070278675331,0.4966951843918389
1,0.7470199095525232,0.8008344531789706
0,0.44179140878640555,0.5812173051856581
1,0.5607917165925431,0.7315780621979895
0,0.020527105301678894,0.2969803644668213
1,0.8442240494216241,0.8248348967640111
1,0.4333417960073752,0.7358680377238557
0,0.5720131453750443,0.14606036180432985
1,0.6011622545727778,0.35790966883301506
0,0.5376805419673116,0.5131086923607964
1,0.8993513986095423,0.5737149321245233
1,0.7780542462511768,0.5513652723112825
1,0.47374743729583496,0.8730598812291367
1,0.7003823643753381,0.5642682729943698
1,0.8026538892874585,0.45106827582675835
0,0.1321667150968378,0.6033732063723534
1,0.6514110337990278,0.4999191188807128
0,0.15233101858721007,0.4719716474769189
1,0.7745771946027336,0.6432094994814485
1,0.5716232630826771,0.3461648938045071
1,0.8998437609901017,0.6218959255609003
0,0.3847905421689503,0.3181689010216856
1,0.47813221156560315,0.7376416752427302
0,0.41873334065825724,0.5007457667713833
1,0.6743622321895955,0.7713528687155047
1,0.7243240976589285,0.6553791540693805
0,0.11658037016181755,0.08080730081449897
0,0.26372616767311685,0.17581142437082298
0,0.06844221156194227,0.6632959786178052
1,0.7456318388043781,0.6960842641840603
0,0.20100096334399026,0.3285356197729542
1,0.7002239913435311,0.6284573825288551
1,0.7026532803266848,0.42040662891366876
1,0.7019780544809604,0.5337704487375088
0,0.21567458968179967,0.3821225720266005
0,0.1946150332178173,0.35310393502266957
1,0.6789157253079048,1.0
0,0.4467960182040771,0.20426896557947846
0,0.29899393910437155,0.023916318612117488
0,0.0,0.347226132216218
0,0.0,0.5622565692999082
0,0.3836956820152996,0.41938603119162765
1,0.42934041233994363,0.21826137124276157
1,0.5794320236550854,0.4904428984863032
0,0.26931148726796167,0.36248620703517265
0,0.1985998291715902,0.44903294120884796
1,1.0,0.19903704834620844
0,0.3995483144063816,0.28600656223842313
1,0.6751144649662778,0.5806401114861967
0,0.1681393800579077,0.8098911415175233
0,0.08027051797881171,0.35729774869075936
0,0.0,0.29579385137249725
0,0.1548107030082759,0.3211545235294145
0,0.29033452123948456,0.0
1,1.0,0.3422920577334623
1,1.0,0.6814692999435454
1,1.0,0.6396391629695375
0,0.3885563223208971,0.4011113666056007
0,0.28413635038325524,0.02812985728796588
1,0.582544913398225,0.5750215368610283
0,0.2575933233551355,0.4831356914651922
0,0.19396914971347978,0.2842184251155581
0,0.0,0.5585313466632118
0,0.10528399545510511,0.3968013697008058
1,0.48129044688920564,0.461834194153551
0,0.2649464008951466,0.3158625087569821
1,0.32978750374318483,0.6692003339760262
0,0.5584741143326548,0.5121625050226855
1,0.6674394735199007,0.5439910329687087
1,0.7723376514539253,0.1944770669090221
0,0.27773985260419215,0.10673693655564959
1,0.6047903184509525,0.23971588427215335
1,0.6666572846480435,0.6028067143570307
0,0.19491904361195692,0.28127187636035983
0,0.7250436849413386,0.37420808770445246
0,0.5469704928676539,0.03238127431992613
0,0.35613919280789286,0.5544348165946804
0,0.28623014237494115,0.0
0,0.145726441614155,0.48010432001443093
1,0.8415436557960504,0.8321379179695597
1,0.34550833978254514,0.5162794538136776
0,0.15247990554696544,0.036351640888350856
0,0.5498354240816742,0.014432504868613028
1,0.8470465041566336,0.669876644457424
0,0.6043449608457417,0.6119911701860301
0,0.05580539685259972,0.0
1,0.7813981877842098,0.8615074341630631
1,0.43427366874284673,0.6472244198025381
0,0.213065684519684,0.33205934428109857
1,0.8006832652406972,0.5227199349595884
1,0.5027064893710712,0.1592571940417073
0,0.4548678139461273,0.3741192264972445
0,0.35647274173907023,0.43662613168514225
0,0.47652616923575425,0.4033944239140568
1,0.6208974630736478,0.7557317070128825
0,0.0,0.2044996015695827
0,0.15020917271113685,0.32777163809761656
1,0.6718152449816359,0.4178631642225647
1,0.915818240912949,0.7048176609108054
1,0.6871888376182477,0.6480017943538092
1,0.5812393938124234,0.26524803466786107
0,0.0,0.03948195071699087
1,0.4211261665392395,0.18505340851181679
0,0.5408452589734596,0.5952752134980168
0,0.0787253925141291,0.14954033127989425
1,0.5643272152039491,0.5826848959245198
0,0.2136425829901599,0.08627811855496248
0,0.23776860149631487,0.21598187626715334
1,0.6090478601479721,0.46720220492816333
0,0.017340025175913987,0.3950887852153649
1,0.836142355897417,0.4070186652840758
0,0.40769003010580634,0.004458566855374935
0,0.06001107788155838,0.08100751173419388
0,0.41142466837431935,0.5924765832627653
0,0.5071406315716104,0.07535122641550676
0,0.2714959393779167,0.15026296674910536
0,0.15222422080585557,0.3826689798034705
1,0.8274863639668981,0.7112612605500448
0,0.25365865355152994,0.5515254935886227
0,0.31068862717162765,0.059594172173144305
0,0.4212317673542732,0.0
0,0.019866919419363027,0.0
0,0.04608393250541831,0.548743514427287
0,0.5248352958679436,0.18650498675445465
1,0.8151193071213148,0.6660010697239489
1,0.6528868399466015,0.4254184498912834
0,0.3610766590450287,0.8048980476175771
1,0.4009320536225248,0.4763822233483688
1,0.5091661341319722,0.7528227870150941
0,0.21307864324469716,0.17499277557219578
0,0.3284872541229496,0.0
1,0.4515644218882689,0.5470399144440025
1,0.847133904710175,0.8904544904364716
1,0.9203241438699206,0.49558849505536623
1,0.7282290946017345,0.6264380878384033
0,0.288947484009856,0.27504081135882097
1,0.8360923521023649,0.10393414954931857
1,0.5478186169661733,0.6417035617427654
0,0.2644258718014688,0.6052918343996169
1,0.4529074199036697,0.6867178921241777
0,0.3267291685031659,0.1801336227279206
0,0.18413381277813184,0.2456574786223576
1,0.5901754367773082,0.8968067483349454
1,0.6527520073546675,0.5203021569367478
1,0.5805183515076744,0.7784852808957369
1,0.5799689405594926,0.5468981465089184
0,0.08254904294916862,0.47453333662153474
0,0.6963469754808402,0.19903775404071686
1,0.7260022346607451,0.7066253704809216
1,0.8158401770140625,0.8516507949940234
1,0.6716495870735677,0.7988940176895069
1,0.8761882381040516,0.6576120167311862
1,0.8849007621297609,0.7959286573346926
1,0.8797999932208442,0.6395700468468157
1,0.598264075170734,0.32948497175563174
0,0.298706291131981,0.18336341798706607
1,0.46590454939405584,0.49071005837197934
0,0.27241297186182495,0.416698974631098
0,0.4766048998589583,0.3452328138705849
0,0.22676369434848542,0.37582256999727737
0,0.2785825747879568,0.2915413375959979
1,0.8202928191143767,0.7715043778809575
1,0.5466571173492676,0.7628011111233974
0,0.5721964949519003,0.34907403434971507
1,0.4356100435246699,1.0
1,0.7888065160966314,0.8503715421754235
0,0.1541586734221315,0.20765702184400608
0,0.2855851204224402,0.31755290045136364
0,0.34182058005494614,0.16318651032602194
0,0.0,0.0
0,0.5476609317237987,0.13413735751452355
0,0.5501203885821371,0.0
0,0.18452221690724918,0.0
1,0.37104017096437814,0.6956873843167831
0,0.28566896220934423,0.0
0,0.188488469182857,0.014145117202518986
0,0.7606002261706675,0.29662017634946086
0,0.0,0.3476881517951874
1,0.8261717845334865,0.7024683919296111
1,0.6450830272998045,0.591893835967177
1,0.6805948296136191,0.7839737843809278
0,0.694080375627091,0.28066603102765286
1,1.0,0.6214343929085284
1,0.9195121437026021,0.8212510896042686
1,0.58795296298339,0.5153568366774591
0,0.0,0.2919943991324214
0,0.5369119703024169,0.15880647198408254
1,0.5996896707927539,0.5593124816740312
1,0.6402313373712206,0.6262008979286662
0,0.4576752473136264,0.22708469572806814
1,0.7245036039701022,0.7930087809114361
1,0.45938907656026595,0.7280348056368513
0,0.07711617444049884,0.3336430342762339
0,0.0,0.27102807380146643
1,0.540183741585987,0.6253664101368202
1,0.6357674662178215,0.5561781461038958
1,0.8615184914016324,0.6220029246622525
0,0.4600421698451042,0.4919258877646502
1,0.5856577691036664,0.6613395569856406
1,0.5626537982362163,0.4830510374951949
0,0.303917417652918,0.12629364520269
1,0.9119130710952258,0.23291529508990294
0,0.4894680856255373,0.21859837220279787
0,0.3132953630859393,0.266963510406356
0,0.4028885090148468,0.22685664526429478
1,0.6574151387938907,0.5172343170186016
0,0.6356666332361804,0.4792458651019583
1,0.8674644774664684,0.4400913970118463
0,0.4545653599558671,0.3913742992819873
1,0.6841233554855679,0.527035625001846
1,0.8030977135753392,0.6282182323550491
1,0.30539959368414554,0.5436808647952409
0,0.13651671535134347,0.025272316353173868
0,0.1650744725172897,0.0
0,0.0,0.4750563920187565
0,0.33389915133846665,0.0
1,0.6618664122722802,0.9879199022040351
1,0.6500911241619205,0.5551891758534615
1,0.9399459908097535,1.0
1,0.3680102140971611,0.4764867822997617
1,0.43045598174474436,0.5225804158284312
0,0.35327672183479314,0.05454156984809433
0,0.18284010304979073,0.0
1,0.4448521371044965,0.3896890934304314
1,0.5233884402524016,0.813630553966915
0,0.46509556910658173,0.17044198592453408
0,0.20781148743113897,0.1104998391721819
0,0.2348245267534363,0.3920197275529229
1,0.7077651284902851,0.8610850127522677
0,0.27760006351364974,0.06162994773450153
0,0.3224593121294963,0.0
1,0.44792840614755935,0.7455494891729624
0,0.06839652294939838,0.4045140347999989
1,0.9517197594916491,0.6168788500523111
0,0.4179490570089945,0.0
1,0.7638630183956246,0.6524422801593781
1,0.5336400778853451,0.5987764121178061
0,0.77361199763623,0.008523758315607588
1,0.6299690061958445,0.6709719020163755
0,0.2798213838933177,0.06952800302101214
0,0.2328122635547095,0.4866515838081934
0,0.4816127248367158,0.3316922920029747
1,0.6428704805805303,0.5555184380044533
1,0.6415575099989209,0.6989919640960937
1,0.7353513327035096,0.44294548840456077
0,0.26201249872396143,0.2148504839851232
1,0.6945888898130212,0.9472835086066306
1,0.8479996064124209,0.44854060811317836
1,1.0,0.498908490831799
1,0.910830234928679,0.4160225164285005
0,0.6020076665983513,0.08313332552041702
0,0.0563676534257615,0.14147084210936609
0,0.0,0.1790418938879466
0,0.0,0.4864941803011532
1,0.49470756647428865,0.7202125786055737
1,0.8574820873581108,0.6139727568919984
1,0.6099690795932218,0.7772230400655615
1,0.5719503534222939,0.5271046325478346
0,0.4672680086476704,0.1668416986954479
1,0.6068178839746117,0.47401949349467376
1,0.5854529741657102,0.4170875337549934
0,0.11521704028067437,0.2092926652754572
0,0.3566510654362057,0.14610210881222485
1,0.6589977385884591,0.4935596331489246
0,0.42525965859904447,0.23289853917404496
0,0.08471603500107122,0.29666073083821193
0,0.11477784690667855,0.35077250575594987
1,0.7015340182041578,0.5794324297074485
0,0.4642670203091893,0.13027902923573118
1,0.6981161058526593,0.612826952294875
0,0.4367486848514541,0.19230726505398754
0,0.379659955418411,0.3514114289343483
1,0.6225080208879428,0.6704370382604647
1,0.26796141557300135,0.5497343179633554
0,0.2566944264927348,0.23391614958266976
0,0.41213520421553274,0.5033184816645558
0,0.18479193646144945,0.19223612402049509
1,0.6227630321887987,0.7641184577342293
0,0.37930882765217233,0.2653292446574126
1,0.4760669383689556,0.6770162387894634
1,0.39770221938385947,0.32417106300542836
1,0.8774188810371546,0.5699204455747136
0,0.20082127478797318,0.0
1,1.0,0.3867641960595256
1,0.9595702861520893,0.8950299642288898
1,0.6227775752026166,0.4591337075373784
0,0.3863616374179909,0.0
0,0.23131229061045055,0.08620196509273995
0,0.47904837169530395,0.1647470676828418
1,0.9014968469295566,0.6859728853133387
0,0.14257230591442577,0.564300160293749
1,0.7971513039580013,0.5277555476220386
0,0.44239921161698564,0.2273012389806952
0,0.17741866909081855,0.3595504797229086
0,0.4085174190385754,0.2632487514214409
1,0.6808164800388976,0.7266178923083781
1,0.9676323698968926,0.759215868368785
1,0.3849848884837487,0.387167535399491
0,0.0951234281840467,0.37068997776221907
1,0.011611754702612498,0.08581118902369944
1,0.5155226017731765,0.8921185040319942
1,0.905900213609638,0.664412231923675
1,0.9205509910771151,0.7903783993371387
1,0.5963249747636686,0.6137937973994544
0,0.5268768167109199,0.0391378390723246
1,0.8719995809933845,0.7145127083066951
0,0.1995900085533277,0.39670072723834915
1,1.0,0.563947632510382
0,0.1729369676253835,0.28083835521719686
1,0.7990692086129623,0.3621804237225421
1,0.6220463531037111,0.4686464308642059
0,0.6061626417757517,0.0
0,0.052211509956685,0.47133986829305585
0,0.38769207883901424,0.06734888553789992
0,0.27783844954660175,0.10632923637390665
1,0.851172084271733,0.8562663575884198
0,0.6213374772223181,0.34255907526238005
0,0.32919174879936963,0.026019565796428196
0,0.32648345488116054,0.1703936129053743
0,0.29736472943942766,0.12303607070460049
1,0.5423078489162273,1.0
0,0.21749277098656417,0.11746774025659487
1,0.3336251698673675,0.6678349060604789
0,0.0,0.42993390148044086
0,0.381885101640861,0.2796794801576693
1,0.9665115784550441,0.5883363196806959
0,0.3822984152113915,0.2837367407279929
0,0.07000536692738343,0.0328798973141437
1,1.0,0.45599610721737704
0,0.07628254392910236,0.21311687443229632
1,0.7448508909515753,0.41612682883166874
0,0.21778957809845534,0.2269683480293403
1,0.6541026833129178,0.8389414478614501
0,0.5159107498606297,0.256370130479575
0,0.31262941666584637,0.21211545791754677
1,0.5482414000990888,0.9055299122765971
0,0.5470601697704143,0.5510075476067985
1,0.4072427006775598,0.7370074352424386
0,0.16976890589366483,0.3587331960148992
0,0.3284422567566792,0.3130051695551094
0,0.08927599125866117,0.0
1,0.6284812077857967,0.7443717618084958
1,0.8938786217042212,0.6396788779358595
1,0.7729679245967132,0.5852846028796569
1,0.7316986119881363,0.6235673130268629
0,0.0,0.29941436095172214
1,0.7131416292428807,0.45910115592021267
0,0.0,0.31817320293049967
1,0.7347407055586287,0.3398867969253899
0,0.3897226776884549,0.13737806858438378
0,0.3194211687027315,0.24905461201184625
0,0.0,0.4183791482207741
0,0.054879248305987394,0.24155887390701503
0,0.4286222716059138,0.29594440084390494
1,0.3025680601226958,0.6060298171537628
0,0.2945780473459106,0.36965961733157915
1,0.7845230577818613,0.6562938506546325
1,0.6313128328980531,0.6729736037420136
0,0.3331537652544007,0.0
1,0.9029298464366227,0.6994231521111502
0,0.262916966783137,0.193441714328694
0,0.21356392547022504,0.1530654925498715
0,0.28956319833833644,0.10494170327812297
1,0.5961790324594689,0.9906742997907666
0,0.16945270842382798,0.17171375904210778
1,0.38943422017233015,0.6163310536936235
0,0.3491771010572301,0.25505163005309617
1,0.7081910478717237,0.30478232386486254
0,0.22308016509464412,0.020219656976860984
1,0.8521992838652159,0.44179674665472396
1,0.4480007695230646,0.7170843006554998
1,0.5038636926414829,0.9691123928681401
0,0.47922904932166566,0.4462348847170102
0,0.2590546763423422,0.17995739417894233
1,0.8492313473385846,0.3947508129327402
1,0.923275025587369,0.4949270010158851
1,0.8490303164604804,0.8161855608919554
1,0.980604799130239,0.7003030501430576
1,0.7045760325712827,0.6842994280446273
0,0.600050980753073,0.32061589846792105
1,0.7249699857932158,0.9735658142845097
1,0.8474450273923215,0.33872406246014636
0,0.7881161909512837,0.478035946362176
1,0.8024996414595027,0.44008091746846956
0,0.5753832675297333,0.0
0,0.40207936286981616,0.4472495779420891
1,0.7114988553120265,0.0772797158354892
0,0.3393894431353442,0.5871309873158853
0,0.35320665557010966,0.5971851191966129
1,0.6387635624041588,0.5350073318014494
0,0.2993789443719971,0.5676767301850326
1,0.6467429867954735,0.5084115530186507
1,0.71521137017507,0.5372035181294909
1,0.4885947449381374,0.5316503545537369
0,0.44259457997232043,0.19839683733954852
0,0.1653131612533283,0.6481182324712015
1,0.7781691903063135,0.6265226381989133
1,0.8186314086646354,0.9697741145209388
0,0.0,0.18155263548558653
1,0.6637262495561411,0.5578801702316349
0,0.21947244770089053,0.3921601051807496
0,0.18191042443502897,0.49199350755809623
0,0.19811866990771368,0.31372461585397965
0,0.24508389464857827,0.3249084773135386
0,0.21313041579287467,0.10866773286854661
1,0.5983006503642823,0.91119390862516
0,0.26391319570932975,0.20951705208750263
1,0.5141016347381584,0.7170727788391421
1,0.7575845745671768,0.793877874545552
0,0.0,0.06988455494994464
0,0.30604433893698674,0.47138445206424917
0,0.22003370372434444,0.0
1,0.2650791433949326,0.9099178637301918
1,0.414530960691144,0.2875721161084825
0,0.5284641200531511,0.33106889367989384
1,0.6144560556006904,0.9495943339666412
0,0.21891711810410142,0.4576469000497426
0,0.23368206074347322,0.20523161774211293
0,0.07102350236237326,0.18893027687363345
1,0.6826149574648883,0.305186288429538
1,0.7261795565149451,0.5955137473200494
1,0.5684043167335223,0.8036588131929789
1,0.6507307856495239,0.4862643965052337
1,0.4241638421669991,0.5215062602765705
1,0.587712159947857,0.507720248208096
1,0.7817487491694284,0.5899312738071921
1,0.7847120228822553,0.6917019043742797
0,0.3397862087493275,0.08093028089673204
1,0.5412438285005781,0.6764175038158795
1,0.5571633859147886,0.471118876151011
0,1.0,0.7185110627170053
0,0.36121623855347074,0.050646133255153214
0,0.08013514982322409,0.14010200210038168
0,0.357337135441528,0.7322552235505015
1,0.5331940952875738,0.7551291470315247
0,0.46327719424873326,0.18871118273473436
1,0.5163831235714651,0.7756256798269182
0,0.0,0.3303768020274919
1,0.6661486693425541,0.46073658546544305
1,0.7884504693428702,0.5057923476684865
1,0.9012792621173658,0.6198752955761428
0,0.3215806561993177,0.2106266088389523
1,0.7170633423371164,0.1807867537345904
0,0.8389394470077609,0.06493981205633037
1,0.6190253223463158,0.7508737604228944
0,0.44325795315269256,0.18897926167008988
0,0.7196922733835751,0.535254064695875
0,0.0,0.3550328926889421
1,0.6477517470862011,0.45693720680964817
0,0.5259483571555268,0.0
1,0.7431998216106195,0.5210348643953377
1,0.8310163906453868,0.2998656564086448
1,0.5326704947573591,0.825572565637071
1,0.5751762104563274,0.6137248798608184
1,0.7426184481087943,0.3582680489157678
1,0.7119390253124895,0.481061131456936
0,0.36603562130213335,0.3222773229543491
0,0.5748327403347437,0.2506759434048423
1,0.5651832401753518,0.8586219459380721
0,0.5486526102158432,0.35458531690125933
0,0.0,0.3375051567751765
1,0.5002353941048425,0.44909605912278316
1,0.8071373522657109,0.6622777782487286
1,0.7854933168639916,0.41931091137018656
0,0.0,0.0
1,0.7526103634963217,0.649817317936049
0,0.5221014602051464,0.4430490142577584
1,0.6072531154456662,0.5302939249571359
0,0.01064488604512992,0.13558188003711452
0,0.413451813078067,0.10580666428545255
0,0.36694681775464516,0.0
1,0.8775322227476732,0.6817261640175226
0,0.24432274669265683,0.1719497926975872
0,0.051971962528779225,0.08601207877372408
1,0.5132736343687818,0.6306232228957411
1,0.7090357689075188,0.35620301491290807
0,0.2424013498532471,0.20510796056904534
1,0.7513920936640143,0.6237865342171787
1,0.93280625527762,0.6733935620505503
0,0.5410490568236191,0.0
0,0.29540732507743483,0.4290122580146791
1,0.7192458231974429,0.21579793253187718
1,0.9150314678558384,0.24099125108767172
0,0.37856250095384475,0.20578000732709056
1,0.7532977865114165,1.0
0,0.4631935543616917,0.22432405592294977
1,0.6193989758742607,0.7746748432095185
0,0.0,0.31558596392803967
0,0.43091676383957067,0.14020855349921535
1,0.7009228035416992,0.5616275769767896
1,0.36293516846909846,0.4207085327158765
0,0.2479413317836657,0.3783742236280109
1,0.43900861472123626,0.4251287012503222
1,0.534047800978511,0.6573551721012466
1,0.5864503191876951,0.8538100349487753
1,0.7365418049717434,0.28221133704304924
0,0.11569638856517203,0.4202153387395904
0,0.063868173527518,0.5544559588697376
0,0.5679108574492473,0.44009646663689894
1,0.5171571763491042,0.8928056814522348
0,0.043064895968653205,0.22255262375397178
0,0.0,0.05637648759511793
1,0.7989186104033501,0.5061994137375025
0,0.2834386440067116,0.4189216581567019
1,0.6288789135109628,0.5278862974793429
0,0.42769369405713065,0.19573394483214662
0,0.4094688483514856,0.04461708781891213
1,0.4224306673831425,0.6234684783081696
0,0.42218692225330695,0.3206105164785865
1,0.4018955570679309,0.6110610351492816
0,0.22835831098305048,0.08091062898793533
1,0.5504990435018368,0.6778524546466973
0,0.29244774945457064,0.3820255357998268
0,0.0,0.4427225556203705
1,0.6871471511904172,0.21891197590381434
0,0.5691037989828249,0.3420693737213981
1,0.7655623112463446,0.5399639945876435
1,0.5067396996600094,0.48011699043929834
1,0.8079437916910266,0.9034098114867418
1,0.6515014683403331,0.4598415764319006
1,0.7607480145452667,0.5258881863324262
0,0.30852266694599356,0.1113636341078304
1,0.40539571158145976,0.7145171515471144
0,0.6375351121126226,0.09662401588458033
1,0.8331521903471446,0.7864599722149045
1,0.9329378269699159,0.2619755614669941
1,0.8700906260918145,0.3226836352462365
0,0.001978300538765465,0.6500464671909687
1,0.5900829410249899,0.611808557665731
1,0.8526305061083712,0.575084549529862
1,0.8002571791153472,0.7600483399596436
0,0.4896478430868404,0.03388573983113541
0,0.44752678138527446,0.28727738230322986
1,0.7377566010523564,0.8260458863013947
0,5.86576632646274e-05,0.24304302856723117
1,0.7743459622931241,0.6698144117245406
0,0.20771280429912597,0.4402407962920535
0,0.4816518829367201,0.38912511471975353
1,0.34657537198868393,0.6078733105283478
1,0.432382775750174,0.5439847983652456
1,0.5258308930301817,0.6058273830244284
0,0.3493345077500478,0.16221582637375703
0,0.23478971138753613,0.0431551866109077
1,0.6698897278471212,0.9711754211328198
0,0.372148301316404,0.127597321682288
0,0.27740069731576705,0.2568592128025703
0,0.024845979359673087,0.03376882062719447
1,0.8196466454234024,0.5325097237614703
1,0.5717417367427668,0.684056920753752
0,0.3658680520142932,0.12308452602922493
1,0.503690989000814,0.28617462774733005
0,0.3422380092134444,0.42251280911324474
0,0.42247012917614335,0.0
1,0.6225747443485474,0.848070882599089
0,0.0,0.3850409692071917
1,0.6753403348129933,0.570020843079089
0,0.11304444831929536,0.26165696512273695
0,0.14783266570749928,0.3095437703215531
1,0.5918704615087875,0.8567056122517264
1,0.7505148918470052,0.44454015456887963
1,0.6203716182849247,0.3651219908482093
0,0.4038641605145894,0.5293189501160571
1,0.4061496590910637,0.9761446478625487
0,0.16357762215594215,0.5056235483645263
1,0.9886452327335015,0.647647616066598
0,0.40160743321370085,0.0
1,0.7181870340714889,0.2455595648983303
1,0.5162570432413158,0.5571282176128318
1,0.7927149302648931,0.8787716205603493
1,0.5898339795761929,0.7615946082162108
1,0.4889023267383975,0.669910039817066
0,0.5570533166213077,0.838775230684478
0,0.5013959022872969,0.34487546294061666
1,0.9010443801873681,0.6807020984953931
1,0.6086648908283216,0.7041458994818284
1,0.6363566455231754,0.6317413025157932
0,0.2807241742272693,0.2063096518852834
0,0.2678656738221625,0.27053246214282395
1,0.6950501414727598,0.9151063801192751
1,0.6572575153340625,0.905367269205355
0,0.32083914291794174,0.1588140121490087
0,0.40256289173436616,0.05157446111898406
0,0.22045074130577136,0.44299934641007144
0,0.25188927979603154,0.4802010658869223
0,0.28967234898963945,0.0
0,0.6514944049742528,0.12208647787489985
1,0.8670502919866608,0.7220727782920546
0,0.3590031593193731,0.07239956607432918
1,0.7754386722328556,0.3285093757326096
0,0.3486558009516922,0.0
0,0.15949983298677864,0.45228339392639794
1,0.7884499390203987,0.6267635741229955
0,0.5711584922391352,0.07533686783056195
1,0.7984495487816358,0.7071340680499038
0,0.48383970041132385,0.10192203912363618
0,0.036708733815936034,0.01997270102064211
1,0.5382836792500547,0.7782346351140811
1,0.3740973594720325,0.5283505724618169
0,0.36134179711623976,0.601704840976091
1,0.9083840327800289,0.5742215856223061
0,0.5162126184315441,0.28717847016978343
1,0.4353349273006083,0.8393658865237598
0,0.5429372383995632,0.42997625407537665
0,0.04500214407266956,0.45978602064959984
0,0.5564012614666337,0.2760250340260758
0,0.4728689843279227,0.19688039207483748
0,0.16517942186196752,0.0
0,0.6181594653727378,0.44258229798662935
0,0.28102806946631764,0.0
0,0.5016494260393527,0.7216013883941895
1,0.46830315472771994,0.7591526270533318
0,0.35149751091578074,0.24764900067799317
0,0.3648663126411906,0.4786566734849388
1,0.46065686463707695,1.0
0,0.00874562012126967,0.4892870807887266
1,0.7902875303989868,0.6396754230477645
1,1.0,0.7497960390804596
1,1.0,0.6317272500775075
0,0.0,0.29688930905782185
0,0.40056696578992007,0.0
1,1.0,0.548951708559815
0,0.3547671175402938,0.0
1,0.5085321747198304,0.39587735938568813
1,0.6254672314784853,0.8465694618415648
0,0.6681241883482266,0.2320451745061156
1,0.8553638005324522,0.5560535864500171
1,1.0,0.4283328953992335
0,0.11578801353199081,0.1467062337501019
1,0.4791523213526524,0.6664570782877993
0,0.42256466410914306,0.5882321939853368
0,0.31979691337938715,0.10975947247619308
1,0.6057721877350283,0.5953879844497159
1,0.8279369615821757,0.5818650669149602
0,0.4460410086110379,0.0
0,0.3660226912358314,0.03314295075443652
1,0.7391877626710601,0.6051238631952757
0,0.2281281578645606,0.259660470507836
0,0.2811815380881486,0.050329123084244476
0,0.21414663387699864,0.1736700008353581
1,0.5092667451615747,0.8248798165137271
1,0.6026024961297498,0.3585514495557304
0,0.7056117246743394,0.01937601136316136
0,0.011430429401881936,0.27045493901601786
1,0.6381050937843956,0.8361582610688041
0,0.0,0.07374090892720694
0,0.3120077624888319,0.12572881593921642
0,0.4814430781095938,0.06601767593192476
0,0.41599710931563694,0.12231477005460858
0,0.1529280303974998,0.31486743384282834
1,0.6147464826855249,0.7340737679823442
0,0.47609524582665785,0.24425851769221818
1,0.7207461059870228,0.373223464034269
1,0.26259047630925175,0.46409586030535455
1,0.5665135174789314,0.5859929675589479
1,0.5247088547756061,0.6913582518678305
0,0.23872280820243547,0.0
1,0.8476250576498882,0.7782716154978302
1,0.8583598843302718,0.4215465362015802
0,0.6088203250596642,0.21423954945275753
1,0.7221554275882804,0.85578130200131
1,0.6844445274399267,0.07496185150361667
1,0.6899257646222607,0.9522939687579257
0,0.45496488403947444,0.3397339100108239
0,0.20477775435453494,0.35501407343470337
1,0.9525550138414206,0.6477103436147261
0,0.4070855389456999,0.40530801768628677
1,0.6190595825543491,0.5234439866310874
1,0.6287699687793378,0.616485653025856
1,0.7914460571105899,1.0
0,0.30872021308437925,0.3224035781046813
0,0.35317392306213546,0.4293920891159566
1,0.5826230067830482,0.4732852622229373
0,0.0,0.5977022317989017
0,0.1805814303167124,0.29810639145930656
0,0.2792218766764029,0.2715017134253886
0,0.41321509342087376,0.19342893950730422
0,0.5526521850549135,0.30157703302590233
0,0.027895198214103134,0.6760902318850213
1,0.9011541372803955,0.5524916082997056
0,0.3240646676966508,0.1571216976263486
1,0.1293544918272655,0.42482759393430486
1,0.9100291231808159,0.3935246974841671
0,0.33719621524909343,0.32140802712013034
1,0.7666647516972614,0.3750007499873821
0,0.41132267834812,0.565194432251628
1,0.760515002698065,0.7265466732922041
0,0.4312645720963236,0.10296520084120933
1,0.9830656567468522,0.6659539278131522
1,0.6500065868025496,0.45033802191740024
1,0.543939651061459,0.5448479080778479
0,0.26298684037283876,0.05256126197053826
0,0.35209046849713554,0.33323681111350306
0,0.5891635459268344,0.04779792935256397
0,0.3702693066070733,0.358784446806715
0,0.1855936900892607,0.06298314394963106
0,0.20351144172886976,0.5178251248024952
1,0.893805991330666,0.6754280170257019
1,0.5403872194575285,0.8401878274674028
0,0.38872694771346883,0.0
0,0.5219022890184576,0.1920996262107063
1,0.7427945741194613,0.8492713357711226
0,0.3361337619096345,0.3444221248556528
0,0.19899015751449545,0.40535201154994227
0,0.16543674831858882,0.2052932732593404
0,0.0,0.46985108317951807
1,0.843353285350118,0.6293625517894657
1,0.6309657812562203,0.6947917465802074
1,0.8130774941566248,0.6154104654738273
1,0.673994834178127,0.7233123330001545
1,0.6330208894640399,0.8537068677015994
0,0.19620538892451184,0.4090893711471413
0,0.24918251619680676,0.18679190213935457
0,0.4476866123939095,0.28556984082690184
1,0.22101664842907692,0.6028153947529045
0,0.26768936944311233,0.16454438961966952
1,0.7299468831247677,0.6475457714967288
0,0.2764551226222232,0.40898471622273247
1,0.6053624349783643,0.47908106876002177
1,0.5261002769191414,0.7192606574555704
1,0.3735141435666424,0.8799187852822786
0,0.3195732209791957,0.34216191327563467
1,0.42414274717864386,0.46141233235657086
1,0.6003895022925039,0.4477420096313536
1,0.49141787631256173,0.5606839626538072
1,0.7539335401010856,0.7539225701989872
0,0.08557274996160344,0.004249459064964656
0,0.06677703867651669,0.16299011659294485
1,0.8769194514446736,0.6329533308431088
0,0.2755021405222071,0.08905098170750989
1,0.7835812132862023,0.7406415863918739
0,0.0102318762482827,0.29637459453400883
1,0.631725346972925,0.6523168428794515
1,0.6389246692097267,0.8613385711624447
1,0.5289737987141587,0.880834936316378
1,0.4457060559711533,0.9361254938674305
1,0.6147177203056953,0.5250319454101272
1,0.18560049059358802,0.5098410398752717
0,0.014737431678430724,0.32836706846246577
1,0.96941192797798,1.0
1,0.6450022964199923,0.5748984004173083
0,0.8529893458334281,0.1565992324277924
0,0.033428457436242065,0.23735263307511967
0,0.5093960034443059,0.1610588583529483
1,0.6125879666433512,0.643135180401317
0,0.3485399179769875,0.42023392721469777
1,0.7632168051318939,0.6486821775255072
1,0.7133466475385617,0.8522394138047821
1,0.7187057611778872,0.4968256703894445
0,0.4205131342445191,0.4769471069094424
0,0.3027196092472311,0.5485868816163999
1,0.6728945230717185,0.6670106828709054
1,0.9609552983272792,0.513296136209219
0,0.1748330981083429,0.8277626994173853
1,0.7147807096329704,0.4976558979170769
1,0.6143188754501611,0.6291123545123131
1,0.9319408781302564,0.6760473725066285
0,0.16491106353588375,0.5439846708065972
1,0.6905075853171054,0.5471432560740566
0,0.3406855560116093,0.4794368079986572
1,0.31876883031786585,0.8411351641258157
0,0.5267372052775738,0.19909339072012996
0,0.05912160000378114,0.31540018246665646
0,0.2559735895721134,0.6782051886659901
0,0.40570777675391284,0.05008385495066839
0,0.0,0.13634295974382993
0,0.044452148991038554,0.40622681365728874
0,0.27729261996521304,0.10487855753768752
0,0.2567908561944019,0.6111065854147386
1,0.7643955130204084,0.37968234487947206
1,0.7377470140613782,0.6925562667060403
1,0.489768045997937,0.647325660736027
0,0.26915786582505224,0.40067729958331266
0,0.578761037893602,0.7140888494082717
1,0.637617303009915,0.5771433333883063
1,0.5347427608720237,0.5215966959257059
0,0.19508190879187073,0.20861287994492203
1,0.8169739169443162,0.4287053279992933
1,1.0,0.28691264327423727
1,0.7977119876396387,0.6824869610510736
1,0.6106556345729348,0.6841286158851599
0,0.24576916799091686,0.13100421005032659
0,0.3168678984078759,0.30996454691777464
0,0.31059675003303977,0.37953979704259244
1,0.44306594737554916,0.35355227028102254
0,0.6408002441192455,0.0
0,0.1775565246315179,0.0
1,0.61368487054868,0.6745841302675464
1,0.5542711028697566,0.6098594831742332
0,0.3754432223410106,0.12221998008830501
1,1.0,0.6240283978025389
1,0.7098605897650848,0.5115150085136728
0,0.39693620490106785,0.33120997276082775
1,1.0,0.8979963033848638
1,0.729663748509265,1.0
0,0.15708854747746068,0.015491400958892232
0,0.49786834980287265,0.006317182595916515
0,0.5384221279885228,0.4691178340699863
0,0.5898053287993619,0.44728101783294216
1,0.963408332696221,0.8367028495502695
1,0.5351019965230219,0.31272690431822503
0,0.4862911408304307,0.06020530409125757
0,0.14100209261018376,0.16594223202210912
0,0.10748627720871601,0.2512708139047902
0,0.17847985690053253,0.3994426392628114
1,0.8854209253147891,0.8768250797826977
0,0.1825518948908285,0.49760507058133385
0,0.3666840261928932,0.4222231212698323
1,0.6453874637964054,0.9942044502146837
0,0.45825408841228743,0.21341868439773876
0,0.19616690726452807,0.25354577487741886
1,0.5652295462890562,0.6852105126569359
1,0.7788570710898226,0.48740073634239106
0,0.4737284590135243,0.0
0,0.14246770915689333,0.1967381772979811
1,0.7647559017506846,0.7856485827907427
1,0.4692685268945301,0.8475982056172582
0,0.43009846366424154,0.3393372091370517
0,0.16684553600269444,0.2811103368367981
1,0.6562558464795927,0.5793857396407388
0,0.4028674818570477,0.4853878343122512
0,0.6308654445537573,0.2792590006860329
1,0.7990001749598514,0.3405125094698046
1,0.9927233730075739,0.6699105779784991
0,0.19025669352239388,0.03371428228430626
1,0.5308230111835484,0.6416452662635117
1,0.23418399002475665,0.5805704167856497
0,0.41764234086979224,0.14084153323823512
0,0.13878538310495778,0.6248328683074051
0,0.6802697622262308,0.6663240213545567
1,0.5945841373872724,0.8134358813670611
